date,open,high,low,close,volume
2021-05-03,66.88,67.34,66.6,66.7,10772317
2021-05-04,66.64,66.76,66.02,66.46,11722800
2021-05-05,66.46,66.46,64.98,65.34,11781422
2021-05-06,65.52,65.9,65.08,65.84,11652703
2021-05-07,65.8,66.54,65.78,66.04,9055400
2021-05-10,66.18,67.38,66.18,66.7,13221146
2021-05-11,66.64,66.74,65.44,65.9,14105064
2021-05-12,65.82,65.82,64.32,64.34,14776900
2021-05-13,64.42,65.98,64.38,65.6,14111400
2021-05-14,65.76,66.32,65.76,65.92,9455400
2021-05-17,65.88,66.26,65.28,65.38,12562009
2021-05-18,65.24,65.58,65.06,65.36,9766200
2021-05-19,65.06,65.3,64.48,65.26,13119040
2021-05-20,65.38,66.22,65.34,65.82,12839800
2021-05-21,65.98,66.4,65.7,66.16,10243938
2021-05-24,66.48,66.6,66,66.04,9671517
2021-05-25,66.12,66.12,65.1,65.24,10213700
2021-05-26,65.28,65.52,65.06,65.26,8420815
2021-05-27,65.48,65.48,64.8,64.82,8498267
2021-05-28,65.2,65.4,64.96,65.16,9782719
2021-06-01,65.32,65.46,64.62,64.76,11026162
2021-06-02,64.86,65.46,64.6,65.1,10245865
2021-06-03,64.8,65.7,64.58,65.48,11853846
2021-06-04,65.66,65.76,65.3,65.4,7234803
2021-06-07,65.46,65.62,65.34,65.52,6911208
2021-06-08,65.66,65.7,64.68,64.96,9181908
2021-06-09,65.12,65.66,64.98,65.54,9380404
2021-06-10,65.58,66.04,65.42,65.96,8327314
2021-06-11,65.96,66.16,65.66,66.12,9099544
2021-06-14,66.12,66.42,65.84,66.26,6866569
2021-06-15,66.34,66.82,66.14,66.46,16390527
2021-06-16,66.62,66.86,65.42,65.46,23138800
2021-06-17,65.4,66.18,65.2,65.82,12854421
2021-06-18,65.44,65.48,64,64.1,18039900
2021-06-21,63.82,64.6,63.46,64.44,13943310
2021-06-22,64.44,64.62,64.02,64.04,8304327
2021-06-23,64,64,63.18,63.36,12833238
2021-06-24,63.44,63.46,63.02,63.3,7607900
2021-06-25,63.34,64.04,63.26,63.98,9136818
2021-06-28,64.24,64.7,64.16,64.4,8367681
2021-06-29,64.2,64.56,63.16,63.36,12344175
2021-06-30,63.3,63.54,63,63.24,9538828
2021-07-01,63.36,64.14,63.1,63.92,11496656
2021-07-02,64.1,64.1,63.7,64.02,9314768
2021-07-06,64.02,64.34,63.28,64.3,9078315
2021-07-07,64.32,64.72,63.96,64.7,12099604
2021-07-08,64.34,64.92,64.26,64.52,10256500
2021-07-09,64.62,64.78,64.06,64.6,10742140
2021-07-12,64.54,64.86,64.22,64.82,8661500
2021-07-13,64.7,64.92,64.1,64.32,11246600
2021-07-14,64.34,65.16,64.04,64.88,10360014
2021-07-15,64.66,65.66,64.64,65.62,14287300
2021-07-16,65.68,66.62,65.62,66.28,16553300
2021-07-19,66,66.52,64.48,65.22,22792935
2021-07-20,65.28,66.16,65.28,65.5,16889600
2021-07-21,65.54,65.7,64.74,64.78,11228405
2021-07-22,64.84,65.18,64.66,64.88,11437761
2021-07-23,65.04,65.78,64.92,65.7,8108552
2021-07-26,65.58,65.94,65.28,65.74,8968400
2021-07-27,65.68,66.98,65.3,66.86,17143089
2021-07-28,66.84,66.96,65.86,66.34,12474100
2021-07-29,66.48,66.72,66.14,66.54,15123900
2021-07-30,66.48,67.04,65.82,65.98,12632600
2021-08-02,66.12,66.72,66.04,66.48,11782100
2021-08-03,66.58,67.18,66.28,66.86,12997273
2021-08-04,66.6,66.84,65.94,66.76,16189000
2021-08-05,66.84,67.58,66.68,67.48,15895400
2021-08-06,67.42,67.94,67.26,67.46,10000468
2021-08-09,67.5,67.68,67.06,67.44,8432664
2021-08-10,67.48,67.74,67.2,67.5,7917174
2021-08-11,67.66,68.44,67.66,68.14,9244446
2021-08-12,68.02,68.44,67.98,68.2,9460128
2021-08-13,68.34,68.76,68.2,68.68,11790722
2021-08-16,68.68,69.6,68.62,69.1,12898406
2021-08-17,68.92,69.16,68.46,69.14,11518743
2021-08-18,69.14,69.28,68.56,68.8,15705801
2021-08-19,68.82,69.64,68.74,69.06,13861522
2021-08-20,68.96,69.98,68.6,69.94,11790800
2021-08-23,69.88,69.9,68.9,69.04,10915400
2021-08-24,69,69.06,68.12,68.58,12665778
2021-08-25,68.56,68.94,68.18,68.7,8164906
2021-08-26,68.7,68.74,68.4,68.54,8315900
2021-08-27,68.62,68.84,68.4,68.52,10502540
2021-08-30,68.5,68.82,68.28,68.62,11845893
2021-08-31,68.6,68.92,68.26,68.54,11290100
2021-09-01,68.74,69.68,68.64,69.44,13333732
2021-09-02,69.6,70.06,69.52,70.06,10299702
2021-09-03,69.86,69.96,69.32,69.48,9472721
2021-09-07,69.44,69.44,68.46,68.56,13145232
2021-09-08,68.54,69.98,68.38,69.8,14588135
2021-09-09,69.58,69.82,69.36,69.42,8177517
2021-09-10,69.38,69.46,68.44,68.46,12327205
2021-09-13,69.04,69.12,68.14,68.34,13118235
2021-09-14,68.56,68.78,67.94,68.1,14051785
2021-09-15,68,68.46,67.64,68.02,9906403
2021-09-16,68,68.28,67.34,67.44,15732054
2021-09-17,67.3,67.66,66.34,66.4,12554274
2021-09-20,65.76,66.36,65.06,65.78,22839313
2021-09-21,65.98,66.42,65.56,65.6,13208800
2021-09-22,65.84,66.1,65.32,65.56,12394050
2021-09-23,65.56,66.06,65.16,65.2,9666600
2021-09-24,65.2,65.64,64.98,65.14,11830347
2021-09-27,65.04,65.7,64.28,64.38,10891700
2021-09-28,64.32,64.42,63.38,63.56,20235837
2021-09-29,63.76,64.84,63.58,64.4,15433849
2021-09-30,64.64,64.68,63.8,63.88,13572380
2021-10-01,64.28,64.4,63.66,63.88,14500638
2021-10-04,63.82,64.94,63.78,64.76,20201307
2021-10-05,64.84,65.06,64.52,64.6,13065220
2021-10-06,64.4,65.64,64.02,65.6,16576393
2021-10-07,65.72,66.24,65.18,65.26,13770128
2021-10-08,65.24,65.38,64.72,64.78,8898224
2021-10-11,64.5,64.64,63.8,63.9,12710100
2021-10-12,63.98,64.5,63.82,64.32,10498046
2021-10-13,64.34,65.12,64,65.06,13103679
2021-10-14,65.3,66,65.14,65.88,10699069
2021-10-15,65.98,66.2,65.56,65.68,14801270
2021-10-18,65.24,65.42,64.7,65.06,10351028
2021-10-19,65.56,65.96,65.38,65.88,10706827
2021-10-20,66.14,67.18,66.06,66.92,13899912
2021-10-21,66.96,67.18,66.82,66.92,8686400
2021-10-22,67.1,67.38,66.94,67.26,10699990
2021-10-25,67.16,67.38,66.8,66.96,7580258
2021-10-26,67.02,67.84,66.92,67.32,9695700
2021-10-27,67.48,67.66,66.8,66.88,11131983
2021-10-28,66.82,67.32,66.74,67.32,7721836
2021-10-29,67.3,67.56,66.58,66.92,13333570
2021-11-01,66.9,67.32,66.68,67.16,8091403
2021-11-02,67.4,67.54,66.74,67.2,9932623
2021-11-03,67.1,67.36,66.42,66.96,10496100
2021-11-04,66.86,67,65.9,66.6,16091550
2021-11-05,66.82,67.52,66.74,67.22,10792226
2021-11-08,67.3,67.32,65.9,66.22,9835117
2021-11-09,66.34,66.74,66.14,66.56,8244712
2021-11-10,66.62,67.16,66.56,67.1,12916600
2021-11-11,67.06,67.1,66.34,66.7,7873715
2021-11-12,66.68,66.84,66.36,66.66,9089539
2021-11-15,66.94,67.56,66.8,67.54,9501900
2021-11-16,67.56,67.7,67.16,67.2,6606700
2021-11-17,67.06,67.38,66.7,67.28,9500942
2021-11-18,67.16,67.3,66.7,66.92,7652841
2021-11-19,67.02,67.46,66.84,67.3,10303126
2021-11-22,67.26,68.06,67.06,67.7,11577006
2021-11-23,67.7,68.18,67.38,67.78,9520349
2021-11-24,67.76,67.96,67.4,67.82,7965800
2021-11-26,67.34,67.78,66.6,66.76,10927300
2021-11-29,67.28,67.94,66.74,67.76,11411138
2021-11-30,67.44,67.44,65.7,65.78,24311500
2021-12-01,66.2,67.48,65.84,65.9,23012358
2021-12-02,66.06,67.34,66.06,66.74,17525101
2021-12-03,67.06,67.42,66.08,67.4,21385733
2021-12-06,67.84,69.14,67.82,68.44,23611000
2021-12-07,68.44,69.1,68.26,68.94,10894513
2021-12-08,69,69.34,68.5,68.88,12997248
2021-12-09,69.04,69.16,68.32,68.78,11891860
2021-12-10,69.06,69.48,68.8,69.16,11702008
2021-12-13,69.08,70.34,69.08,70,13750147
2021-12-14,69.98,70.14,69.26,69.58,17502693
2021-12-15,69.5,70.78,69.5,70.72,22682461
2021-12-16,70.66,71.52,70.6,71.08,15104625
2021-12-17,70.82,71.16,69.86,70.02,21837076
2021-12-20,68.8,69.6,68.24,69.54,15045766
2021-12-21,69.76,70.2,69.06,69.44,16177936
2021-12-22,69.32,69.84,69.22,69.74,9483900
2021-12-23,69.78,70.08,69.64,69.72,7252838
2021-12-27,69.76,70.06,69.54,70.06,7853700
2021-12-28,70.16,70.7,70.12,70.7,8052724
2021-12-29,70.78,71.18,70.66,71.06,6877849
2021-12-30,71.26,71.4,70.82,71.34,9336214
2021-12-31,71.18,71.84,71.04,71.58,9309400
2022-01-03,71.56,71.56,70.06,70.88,21649843
2022-01-04,70.88,71.56,70.64,70.66,14661086
2022-01-05,70.6,71.4,70.54,70.62,22243223
2022-01-06,70.62,70.9,69.8,69.88,18129909
2022-01-07,69.74,70.76,69.3,70.42,19636027
2022-01-10,70.34,70.46,69.6,69.96,15585002
2022-01-11,69.9,70.16,68.86,69.32,16826900
2022-01-12,69.1,69.72,68.9,69.54,14056800
2022-01-13,69.52,70.16,69.48,69.88,16974500
2022-01-14,69.88,70.02,69.06,69.4,16273792
2022-01-18,68.9,69.02,68.04,68.56,17767514
2022-01-19,68.6,69.48,68.56,68.88,16025789
2022-01-20,69.1,69.98,68.9,68.98,14764809
2022-01-21,69.32,69.68,68.7,68.84,24271460
2022-01-24,68.76,68.98,66.44,68.18,28801130
2022-01-25,67.12,67.92,66.8,67.12,26109300
2022-01-26,67.24,67.96,66.2,66.56,24617100
2022-01-27,67.18,67.98,66.82,67.16,22491000
2022-01-28,66.98,68.02,66.46,67.96,25025224
2022-01-31,67.56,69.32,67.42,69.26,26290000
2022-02-01,69.06,69.44,67.7,68.34,20510121
2022-02-02,68.28,69.44,68.16,69.34,22861900
2022-02-03,69.14,69.46,68.84,69.04,17144900
2022-02-04,68.44,69.1,67.8,68.48,18514600
2022-02-07,68.36,68.66,67.96,68.38,13771924
2022-02-08,68.66,68.88,68.26,68.44,19426621
2022-02-09,68.92,69.08,68.52,68.74,17615900
2022-02-10,68.06,68.38,66.84,66.98,22530023
2022-02-11,67.28,67.78,66.74,67.04,18029900
2022-02-14,67.26,67.36,65.82,66.46,18556133
2022-02-15,66.88,67.14,65.84,66.16,17087517
2022-02-16,66.24,66.58,65.66,66.3,16092300
2022-02-17,66,66.66,65.54,66.34,14579934
2022-02-18,66.12,66.78,65.92,66.22,16843509
2022-02-22,66.46,66.62,65.7,66.16,17210858
2022-02-23,66.28,66.48,64.96,65.04,17291800
2022-02-24,64.62,65.68,64.28,65.56,28660000
2022-02-25,66.14,67.66,65.98,67.58,21264120
2022-02-28,67.18,68.04,67.1,67.94,18352600
2022-03-01,67.8,68.38,66.84,67.34,16732393
2022-03-02,67.38,68.42,67.34,68.16,14629900
2022-03-03,68.44,69.7,68.38,69.36,20735614
2022-03-04,69.18,70.96,69.04,70.9,24342246
2022-03-07,71.06,71.96,70.46,71.82,30972041
2022-03-08,72,72.38,70.68,70.7,26564900
2022-03-09,71.2,71.32,70.06,70.2,25476900
2022-03-10,69.68,70.82,69.62,70.68,17019900
2022-03-11,70.78,71.26,70.36,70.44,12494214
2022-03-14,70.88,71.24,69.98,70.34,20502300
2022-03-15,71.04,71.4,70.62,71.26,14502212
2022-03-16,71.16,71.48,70.12,71.12,20005940
2022-03-17,71.16,71.94,71.02,71.42,15915221
2022-03-18,71.42,71.74,70.66,70.82,18519033
2022-03-21,70.44,71.14,70.42,70.82,18147200
2022-03-22,71.08,71.08,70.34,70.92,14643200
2022-03-23,70.84,71.42,70.48,71.02,13995000
2022-03-24,71.16,71.84,71.02,71.74,13295707
2022-03-25,72,72.82,71.84,72.78,14466704
2022-03-28,72.84,73.26,72.42,73.26,15479900
2022-03-29,73.22,73.94,73.1,73.94,19057344
2022-03-30,74,74.56,73.78,74.54,17614604
2022-03-31,74.48,75.14,74.42,74.46,17850600
2022-04-01,74.4,75.56,73.96,75.5,19006900
2022-04-04,75.2,75.2,74.16,74.92,14195500
2022-04-05,74.96,76.26,74.94,75.4,19070300
2022-04-06,75.64,76.94,75.3,76.9,28244630
2022-04-07,76.86,76.9,76,76.7,21016900
2022-04-08,76.98,77.24,76.32,76.96,17194300
2022-04-11,77.02,77.12,75.8,75.92,23167902
2022-04-12,75.7,76.6,75.44,76.2,22656900
2022-04-13,76.2,76.42,75.56,76.06,17656500
2022-04-14,76.2,76.6,75.98,76.1,14213548
2022-04-18,76.18,76.62,75.32,75.68,14939088
2022-04-19,75.9,76.32,75.68,76.18,16515200
2022-04-20,76.98,77.16,76.56,76.8,18326200
2022-04-21,76.54,76.76,75.46,75.52,18408551
2022-04-22,75.42,75.5,74.2,74.26,27341725
2022-04-25,74.52,74.56,72.52,73.74,29835900
2022-04-26,73.48,74.38,72.98,73,20553100
2022-04-27,73.06,73.74,72.42,72.66,24533994
2022-04-28,73,73.72,72.62,73.46,19951300
2022-04-29,73.14,73.28,71.16,71.26,27169100
2022-05-02,71.6,71.94,69.64,70.54,32916100
2022-05-03,70.8,71.96,70.48,70.8,21076417
2022-05-04,71.24,72.52,70.94,72.38,28290142
2022-05-05,71.9,72.5,71,71.64,27424792
2022-05-06,71.22,72.44,71.2,72.2,27680024
2022-05-09,71.78,72.4,71.08,71.68,25709712
2022-05-10,71.78,72.76,69.96,70.8,32789286
2022-05-11,70.76,72.5,70.68,71.32,36050900
2022-05-12,71.24,71.4,69.84,70.6,24946002
2022-05-13,71.2,71.54,70.3,71.44,15104512
2022-05-16,71.46,71.96,71.16,71.66,11606800
2022-05-17,71.98,72.4,70.88,72.4,14950900
2022-05-18,72.52,72.66,71.5,71.7,18728311
2022-05-19,71.36,71.86,70.54,71.54,18276100
2022-05-20,71.74,71.94,70.76,71.74,15679048
2022-05-23,72.56,72.94,71.88,72.6,13541100
2022-05-24,72.74,74.2,72.18,74.06,16155700
2022-05-25,74.14,74.24,73.52,74,13861900
2022-05-26,74.46,74.76,74.16,74.2,11645183
2022-05-27,74.16,75.38,73.84,75.38,11620628
2022-05-31,74.68,74.96,74.02,74.34,15520704
2022-06-01,74.6,74.6,73.54,74.2,11211100
2022-06-02,74.56,74.78,73.06,74.7,12519111
2022-06-03,74.4,74.82,74.2,74.34,8845600
2022-06-06,75.02,75.26,74.6,74.68,10172900
2022-06-07,74.48,75.2,74.04,75.14,9910000
2022-06-08,74.8,74.8,73.54,73.66,9985740
2022-06-09,73.62,73.98,71.84,71.9,12883800
2022-06-10,71.18,71.98,70.74,71.34,16400323
2022-06-13,70.44,70.6,67.72,68.06,26360700
2022-06-14,68.14,68.4,65.6,66.34,25671385
2022-06-15,66.94,67.8,65.96,66.78,25832439
2022-06-16,65.94,65.94,64.96,65.48,24377200
2022-06-17,65.58,66.04,64.34,64.88,21564716
2022-06-21,64.58,65.94,64.42,65.58,18633200
2022-06-22,65.24,66.76,65.2,66.28,14291100
2022-06-23,66.66,67.96,66.56,67.84,20570115
2022-06-24,68.2,69.16,67.92,69.02,15037628
2022-06-27,68.86,69.74,68.6,69.56,11638486
2022-06-28,69.8,70.34,69.22,69.32,13186151
2022-06-29,69.42,69.64,68.92,69.36,15164949
2022-06-30,68.94,70.66,68.84,70.14,18868945
2022-07-01,70.48,71.96,70.2,71.84,17128123
2022-07-05,71.7,71.74,68.32,69.4,22026800
2022-07-06,69.74,70.76,69.2,70.12,14259100
2022-07-07,70.48,70.7,69.98,70.06,8399807
2022-07-08,69.98,70.14,69.6,69.82,6282316
2022-07-11,69.56,70.38,69.4,70.26,6616503
2022-07-12,69.84,70.82,69.62,69.92,9570553
2022-07-13,69.28,70.38,69.2,69.64,19079600
2022-07-14,68.52,69.74,68.34,69.64,9462616
2022-07-15,69.7,69.86,68.56,69.76,8742209
2022-07-18,69.6,69.7,68.76,68.8,7711084
2022-07-19,69.24,69.62,69,69.24,11357797
2022-07-20,69.34,69.38,68.22,68.32,17042608
2022-07-21,68.5,68.52,67.84,68.48,13014884
2022-07-22,69.04,69.7,68.88,69.44,9771585
2022-07-25,69.32,70.32,69.14,70.3,8646000
2022-07-26,70.24,70.94,70.16,70.72,8967203
2022-07-27,70.4,70.98,70.2,70.78,10342202
2022-07-28,72.04,73.48,71.98,73.32,14857800
2022-07-29,73.18,74.26,73.18,73.96,12273800
2022-08-01,73.72,74.1,73.24,74.04,11574400
2022-08-02,74.36,74.8,73.82,73.88,11458300
2022-08-03,73.78,74.52,72.62,74.34,10980218
2022-08-04,74.38,75.04,74.14,74.5,8664175
2022-08-05,74.3,74.64,73.54,74.24,11025102
2022-08-08,74.88,75.22,73.98,74.34,8449500
2022-08-09,74.56,75.32,74.52,75.18,8107026
2022-08-10,75.52,75.68,74.96,75.5,7889300
2022-08-11,75.62,76.26,75.28,75.48,8024160
2022-08-12,76,76.74,75.84,76.72,7899400
2022-08-15,76.56,77.44,76.44,77.36,7785500
2022-08-16,77.2,77.86,77.1,77.58,7788900
2022-08-17,77.26,77.78,77.2,77.46,10643000
2022-08-18,77.52,77.98,77.46,77.74,8279500
2022-08-19,77.64,78.06,77.34,77.7,8643300
2022-08-22,77.34,77.48,76.44,76.64,13226610
2022-08-23,76.5,76.68,75.88,76.18,7873502
2022-08-24,76.08,76.52,75.88,76.42,7501140
2022-08-25,76.6,76.9,76.02,76.9,7300910
2022-08-26,76.92,77.18,75.64,75.7,8866203
2022-08-29,75.32,76.5,74.88,75.94,11238756
2022-08-30,75.92,75.98,74.56,74.84,10280511
2022-08-31,74.88,75.34,74.3,74.34,11006400
2022-09-01,74.06,75.52,74.06,75.42,14080045
2022-09-02,75.6,76.32,74.38,74.6,12768400
2022-09-06,75.02,75.84,74.6,74.8,16450203
2022-09-07,75.16,77.24,75.06,77.14,15754900
2022-09-08,76.84,77.58,76.66,77.06,12575330
2022-09-09,77.54,77.82,76.84,77.38,10590700
2022-09-12,77.6,78.22,77.34,78.12,11340300
2022-09-13,77.34,77.66,75.68,76.04,17578100
2022-09-14,76.06,77.1,75.98,76.66,11148721
2022-09-15,76.06,76.06,74.56,74.76,18055000
2022-09-16,74.48,75.06,74.34,74.48,16111225
2022-09-19,73.74,74.98,73.54,74.96,10731447
2022-09-20,74.48,74.48,73.34,73.88,11704200
2022-09-21,74.34,74.84,72.84,72.86,15230600
2022-09-22,72.8,73.1,72.22,72.6,17350400
2022-09-23,71.9,71.98,70.84,71.76,16210300
2022-09-26,71.58,71.68,69.32,70.04,17969500
2022-09-27,70.48,70.6,68.52,68.84,19143029
2022-09-28,69.66,70.02,68.74,69.6,22941309
2022-09-29,69.24,69.4,66.66,66.8,20331000
2022-09-30,67.12,67.38,65.38,65.52,22776500
2022-10-03,66.58,67.8,66.12,67.44,25447000
2022-10-04,67.9,68.92,67.48,68.86,16996514
2022-10-05,67.98,67.98,66.58,67.34,17205726
2022-10-06,67.04,67.16,65.04,65.12,25671039
2022-10-07,64.92,65.16,63.32,63.76,21083400
2022-10-10,63.9,64.64,63.78,63.88,16517800
2022-10-11,63.64,64.48,63.3,63.64,17160126
2022-10-12,63.54,63.66,61.48,61.52,20916500
2022-10-13,60.6,63.32,60.36,63.06,30714907
2022-10-14,63.72,64.18,61.84,62.16,19652926
2022-10-17,63,64.06,63,63.46,14123718
2022-10-18,64.7,64.96,63.98,64.62,16041900
2022-10-19,63.78,64.2,63.22,63.78,12843411
2022-10-20,63.8,63.8,61.86,62.16,15518500
2022-10-21,62.4,63.78,61.96,63.32,15543750
2022-10-24,63.66,64.34,63.14,63.84,10030535
2022-10-25,64.06,65.28,63.9,65.12,14201800
2022-10-26,65.48,65.8,64.82,65.1,13534606
2022-10-27,65.56,66.34,65.42,65.62,12257304
2022-10-28,65.88,67.56,65.8,67.42,13592900
2022-10-31,67.24,67.52,66.38,66.78,10894801
2022-11-01,67.18,67.44,66.52,67.04,10739673
2022-11-02,66.82,68.2,66.36,66.4,21340346
2022-11-03,65.76,67.28,65.4,66.68,14328200
2022-11-04,66.82,67.36,65.92,67.1,12149200
2022-11-07,66.96,67.06,64.76,65.82,14296400
2022-11-08,65.9,66.68,65.7,66.28,12413944
2022-11-09,66,66.5,65.62,65.76,12890900
2022-11-10,67.74,68.98,66.74,68.84,17915200
2022-11-11,68.84,69.04,67.44,68.08,15312147
2022-11-14,68.12,68.48,67.24,67.28,10245526
2022-11-15,67.98,68.48,67.2,68.02,13620997
2022-11-16,68.04,68.98,68.04,68.62,13231319
2022-11-17,67.88,68.06,67.1,67.42,11623688
2022-11-18,68.06,68.92,68.02,68.84,11741523
2022-11-21,68.74,69.36,68.7,69.16,11438614
2022-11-22,69.48,70.18,69.3,69.76,7452793
2022-11-23,69.56,70.56,69.56,70.54,7166774
2022-11-25,70.8,71.16,70.74,70.94,4491500
2022-11-28,70.46,70.72,69.92,70.2,9131974
2022-11-29,69.78,69.84,69.28,69.7,9502405
2022-11-30,69.56,71.58,69.48,71.44,16473200
2022-12-01,72.14,72.52,71.18,71.38,15353131
2022-12-02,70.62,71.22,70.32,71.04,10354316
2022-12-05,70.48,70.9,70.36,70.64,11451526
2022-12-06,70.54,71.12,70.26,71.06,12824800
2022-12-07,71.14,71.62,70.48,70.74,14148963
2022-12-08,70.76,71.46,70.48,71.2,9960058
2022-12-09,70.96,71.46,70.76,70.84,11918637
2022-12-12,71.2,72.48,70.94,72.46,11381915
2022-12-13,73.48,73.8,71.88,72.68,13694210
2022-12-14,72.92,73.7,72.06,72.58,13318723
2022-12-15,72.3,72.42,71.36,71.7,13154293
2022-12-16,71.16,71.16,69.6,70.48,19631707
2022-12-19,69.56,70.3,69.18,69.64,9832300
2022-12-20,69.6,70.04,69.14,69.66,7982036
2022-12-21,70.06,70.64,69.84,70.62,8242400
2022-12-22,70.52,70.52,69.04,70.2,7051952
2022-12-23,70.06,70.96,70.06,70.92,5674747
2022-12-27,71.06,71.5,70.62,71.34,6105700
2022-12-28,71.52,71.82,70.56,70.68,7215662
2022-12-29,71.02,71.58,70.98,71.18,5777647
2022-12-30,71.12,71.24,69.84,70.5,7350107
2023-01-03,70.7,70.94,69.54,70.5,12887119
2023-01-04,70.82,71.78,70.7,71.14,10436349
2023-01-05,70.6,70.88,69.38,69.6,9786430
2023-01-06,70.4,71.34,70.3,71,9810287
2023-01-09,70.98,72.02,70.78,71.48,11719400
2023-01-10,71.3,71.54,70.66,71.5,8607500
2023-01-11,71.5,72.18,71.48,72.08,10685922
2023-01-12,72.18,72.28,71.54,71.6,12898900
2023-01-13,71.3,71.56,70.8,71.34,11896800
2023-01-17,71.38,71.9,71.12,71.24,9765234
2023-01-18,71.54,71.54,69.44,69.52,14510234
2023-01-19,69.48,69.56,68.66,68.82,14197000
2023-01-20,68.78,69.26,67.84,69.24,13310500
2023-01-23,68.98,69.92,68.7,69.26,9826438
2023-01-24,69.32,69.82,68.44,69.6,10329400
2023-01-25,68.58,68.82,67.96,68.66,12991500
2023-01-26,68.3,69,68.18,68.9,10180042
2023-01-27,68.74,69.18,68.48,68.9,7712900
2023-01-30,68.64,69.36,68.52,68.58,7780521
2023-01-31,68.78,69.12,67.96,69.1,9721200
2023-02-01,68.76,69.7,68.28,69.2,15472490
2023-02-02,69.26,70.12,68.7,69.36,12498540
2023-02-03,68.74,69.02,67,67.92,12681143
2023-02-06,67.66,68.54,67.54,68.48,15707100
2023-02-07,68.18,68.68,67.52,68.46,10562306
2023-02-08,68.06,68.1,66.98,67.32,11235848
2023-02-09,67.48,67.84,66.28,66.4,10357755
2023-02-10,66.46,67.78,66.38,67.7,15481739
2023-02-13,67.74,68.3,67.74,68.12,8091932
2023-02-14,68.06,68.52,67.48,67.84,7075222
2023-02-15,67.44,68.32,67.44,68.28,5510009
2023-02-16,67.6,68.06,67.02,67.76,9199800
2023-02-17,67.78,68.8,67.42,68.48,10936729
2023-02-21,67.98,68.18,67.16,67.2,8484534
2023-02-22,67.2,67.7,66.76,66.94,13375100
2023-02-23,67.24,67.24,66.3,66.6,10703345
2023-02-24,66.02,66.84,65.74,66.62,11575200
2023-02-27,66.94,67.58,66.02,66.16,10860321
2023-02-28,65.86,66.18,65,65,20575936
2023-03-01,64.66,64.72,63.62,63.94,23638000
2023-03-02,63.84,65.18,63.76,65.14,15347486
2023-03-03,65.4,66.3,64.76,66.26,15087612
2023-03-06,66.3,66.78,66.2,66.56,12121716
2023-03-07,66.64,66.8,65.16,65.48,12027644
2023-03-08,65.46,66.12,65.2,65.98,13703768
2023-03-09,66.16,66.78,65.24,65.46,17033600
2023-03-10,65.78,65.78,64.1,64.42,20833347
2023-03-13,64.34,66.84,64.26,65.42,33835732
2023-03-14,65.9,66.82,65.62,66.28,17559235
2023-03-15,66.08,67.6,65.76,67.18,24168400
2023-03-16,66.92,68.02,66.66,67.62,15826197
2023-03-17,67.46,67.6,66.48,66.98,17907693
2023-03-20,66.58,67.22,66.56,67,19419074
2023-03-21,67.12,67.2,64.78,65.66,25932537
2023-03-22,65.56,65.9,64.34,64.36,17896642
2023-03-23,64.38,65,63.38,63.7,16884505
2023-03-24,63.78,65.7,63.72,65.7,18056218
2023-03-27,65.9,66.36,65.6,65.78,14136940
2023-03-28,65.62,66.64,65.62,65.96,11019485
2023-03-29,66.3,67.02,66.3,66.92,9904018
2023-03-30,67.06,67.54,66.82,67.2,10292845
2023-03-31,67.42,67.72,67.04,67.7,11722150
2023-04-03,67.44,67.74,66.84,67.24,12035815
2023-04-04,67.2,67.7,67.02,67.56,10807005
2023-04-05,67.86,69.52,67.84,69.32,18837200
2023-04-06,69.88,69.96,69.1,69.82,16675228
2023-04-10,69.42,69.7,68.72,69.68,10231500
2023-04-11,69.56,69.92,69.4,69.74,8637039
2023-04-12,69.86,70.16,69.42,69.66,12554719
2023-04-13,69.34,69.86,68.34,69.68,16446211
2023-04-14,69.16,69.3,68.56,68.9,9064724
2023-04-17,69.02,69.4,68.58,69.28,7806900
2023-04-18,69.3,69.44,68.66,68.92,7783227
2023-04-19,69.08,69.66,68.98,69.44,10317300
2023-04-20,69.5,69.7,69.02,69.42,7368739
2023-04-21,69.88,70.12,69.2,69.62,7037804
2023-04-24,69.6,70.1,69.18,69.98,6789500
2023-04-25,69.7,70.28,69.7,69.9,10251755
2023-04-26,69.36,69.58,68.18,68.26,14756900
2023-04-27,68.46,69.14,68.4,69.08,12466700
2023-04-28,68.88,69.4,68.56,68.98,12123581
2023-05-01,68.82,69.78,68.76,69.1,10508100
2023-05-02,69.04,69.22,67.88,68.26,11465731
2023-05-03,68.64,69.06,67.98,68.06,11857200
2023-05-04,68.2,68.86,67.56,68.6,14631159
2023-05-05,68.36,69.2,68.36,69.04,11416754
2023-05-08,68.96,69.46,68.6,68.82,8286722
2023-05-09,68.66,68.92,68.24,68.74,10281219
2023-05-10,69.16,69.54,68.66,69.36,10708427
2023-05-11,69.4,69.42,68.34,68.66,14874100
2023-05-12,69.04,69.48,68.62,69.04,11874283
2023-05-15,69.3,69.4,67.88,68.16,13185137
2023-05-16,68.08,68.2,66.62,66.66,14004007
2023-05-17,66.86,66.88,66.14,66.42,17088319
2023-05-18,66.1,66.28,65.62,66.2,16167800
2023-05-19,66.52,66.9,66.06,66.12,12472500
2023-05-22,66.28,66.62,65.9,66.14,9494700
2023-05-23,65.88,66.56,65.72,65.9,12064016
2023-05-24,65.82,66.06,65.36,65.48,11563800
2023-05-25,65.34,65.38,64.14,64.6,16126100
2023-05-26,64.48,64.64,63.94,64.6,16593959
2023-05-30,64.7,65.04,64.24,64.34,15582900
2023-05-31,64.38,65.22,63.96,64.94,17133109
2023-06-01,65.06,65.14,64.06,64.46,18653200
2023-06-02,64.12,65.38,63.98,65.12,23045977
2023-06-05,65.26,66.14,65.12,65.44,13436044
2023-06-06,65.74,65.84,65.2,65.38,12861610
2023-06-07,65.44,66.66,65.02,66.48,19264800
2023-06-08,66.48,66.88,65.98,66.78,14659883
2023-06-09,66.8,66.84,66.34,66.4,13316694
2023-06-12,66.44,66.62,66,66.28,11483900
2023-06-13,65.88,66.48,65.76,66.26,11868697
2023-06-14,66.5,67.02,66.1,66.22,14023689
2023-06-15,66.48,67.1,66.34,66.94,13701200
2023-06-16,67.1,67.84,67.04,67.3,13685400
2023-06-20,66.56,66.7,65.9,65.98,12925654
2023-06-21,65.76,66.58,65.04,66.52,10722947
2023-06-22,66.76,66.9,65.82,66,10001082
2023-06-23,66.2,66.42,64.94,65.04,12719637
2023-06-26,65.14,65.88,64.88,65.68,10267600
2023-06-27,65.72,65.92,65.48,65.7,8510443
2023-06-28,65.68,65.68,64.56,64.72,14723826
2023-06-29,64.2,65.08,64.06,64.72,14653926
2023-06-30,64.82,65.52,64.78,65.44,13929300
2023-07-03,65.3,65.96,65.08,65.94,8164600
2023-07-05,65.7,67.18,65.62,66.68,19169321
2023-07-06,66.16,66.34,65.52,65.88,15423049
2023-07-07,65.44,65.86,65.22,65.4,12893800
2023-07-10,65.28,65.5,64.6,65.12,12410142
2023-07-11,65.24,65.94,65,65.92,11437204
2023-07-12,66.12,66.96,66,66.88,13327724
2023-07-13,66.88,67.14,66.64,67.12,9917721
2023-07-14,66.94,67.14,66.48,66.84,10142830
2023-07-17,66.64,66.78,66.04,66.08,10630851
2023-07-18,66.02,66.6,64.98,65.56,18132938
2023-07-19,65.62,66.64,65.62,66.24,13577000
2023-07-20,66.42,67.56,66.08,67.46,16664500
2023-07-21,67.72,68.74,67.6,68.46,18373000
2023-07-24,68.56,68.68,67.96,68.28,13242300
2023-07-25,68.2,68.62,67.98,68.4,8350835
2023-07-26,68.22,69.16,68.08,68.4,11579100
2023-07-27,68.14,68.42,67.06,67.2,16065100
2023-07-28,67.64,67.9,66.7,67.04,13216100
2023-07-31,67.32,67.58,66.76,67.06,12523742
2023-08-01,66.98,67.34,66.2,66.26,13459841
2023-08-02,65.98,66.56,65.88,66.26,15168281
2023-08-03,66.06,66.1,64.68,64.74,20634676
2023-08-04,64.92,65.34,63.7,64,18248921
2023-08-07,64.24,64.52,63.96,63.98,12565900
2023-08-08,63.98,64.3,63.38,64.28,15175100
2023-08-09,64.26,64.98,64.14,64.42,13193700
2023-08-10,64.68,65.06,64.04,64.22,13692323
2023-08-11,64.28,64.66,64.08,64.56,12168310
2023-08-14,64.54,64.56,63.78,64.06,10774840
2023-08-15,63.7,63.72,62.98,63.02,15189643
2023-08-16,63.3,63.58,63.06,63.3,12514200
2023-08-17,63.38,63.98,63.12,63.16,11876555
2023-08-18,63.16,63.64,63.1,63.5,12837800
2023-08-21,63.3,63.48,62.58,63.1,12081002
2023-08-22,63.06,63.46,62.82,63.28,13531106
2023-08-23,63.62,63.68,63.08,63.52,13386025
2023-08-24,63.42,64.28,63.08,63.16,12967138
2023-08-25,63.24,63.96,63.2,63.64,12490634
2023-08-28,63.74,64.1,63.5,63.62,8663244
2023-08-29,63.7,64.04,63.44,63.86,11873100
2023-08-30,63.66,64.06,63.32,63.58,11240630
2023-08-31,63.82,63.88,62.94,62.96,13771100
2023-09-01,63.3,63.5,62.14,62.64,14387795
2023-09-05,62.6,62.64,61.34,61.68,18825312
2023-09-06,61.78,61.9,61.42,61.82,19470100
2023-09-07,62.36,63.14,62.2,62.64,16874300
2023-09-08,62.74,63.3,62.54,63.18,16261121
2023-09-11,63.12,63.76,63.1,63.44,13511800
2023-09-12,63.44,63.7,63.02,63.52,11047481
2023-09-13,63.56,64.56,63.56,64.28,15060428
2023-09-14,64.68,65.26,64.6,65.22,13100500
2023-09-15,65.12,65.62,64.88,64.94,17401000
2023-09-18,64.46,64.58,63.92,64.38,9567500
2023-09-19,64.32,64.56,64,64.02,12444627
2023-09-20,64.28,64.76,63.9,64.08,9368093
2023-09-21,64.04,64.14,63.38,63.42,12814687
2023-09-22,63.14,63.7,62.88,63.3,12299789
2023-09-25,62.92,63.24,62.54,63.2,12364907
2023-09-26,62.94,63.02,61.14,61.32,23416700
2023-09-27,61.2,61.34,59.96,60.14,26021100
2023-09-28,60.36,60.48,58.74,58.84,38594900
2023-09-29,59.34,59.82,58.6,58.94,22868903
2023-10-02,58.6,58.6,55.52,56.2,55822719
2023-10-03,55.76,57.04,54.92,56.84,57618221
2023-10-04,57.14,57.24,55.9,56.78,29498635
2023-10-05,56.64,56.8,55.9,56.46,28145006
2023-10-06,55.76,57.4,54.78,57.26,34103700
2023-10-09,57.16,57.82,56.92,57.82,20243833
2023-10-10,57.82,58.64,57.82,58.62,30707219
2023-10-11,58.94,59.62,58.52,59.56,26673700
2023-10-12,59.26,59.62,58.12,58.64,27543308
2023-10-13,59.04,59.68,58.88,59.3,19787234
2023-10-16,59.42,60.14,58.96,59.92,19777401
2023-10-17,59.4,60.14,59.3,59.76,18480217
2023-10-18,59.7,60.04,58.86,59.24,23363500
2023-10-19,59.04,59.6,58.6,58.64,19681942
2023-10-20,58.5,59.08,58.02,58.04,20022408
2023-10-23,57.5,58.38,57.04,57.54,20520635
2023-10-24,58.42,59.26,58.24,59.02,23597213
2023-10-25,58.92,59.48,58.68,59.36,20654716
2023-10-26,59.52,60.4,59.48,59.86,23587321
2023-10-27,59.6,59.94,58.56,58.74,20251212
2023-10-30,58.98,59.58,58.54,59.18,14269819
2023-10-31,59.42,59.76,59,59.7,10682300
2023-11-01,59.78,60.74,59.2,60.38,23261500
2023-11-02,60.5,61.82,60.4,61.5,25550100
2023-11-03,62.58,62.66,61.84,61.86,22573676
2023-11-06,61.98,62.18,61.64,61.7,19120047
2023-11-07,61.74,61.82,61.16,61.26,18842300
2023-11-08,61,61,60.12,60.8,21647848
2023-11-09,60.92,61.1,59.98,60,16097825
2023-11-10,60.28,60.5,59.92,60.32,14015530
2023-11-13,60.2,60.34,59.5,59.6,15579810
2023-11-14,60.94,62.04,60.82,61.98,28659100
2023-11-15,61.82,62.7,61.66,61.8,24831400
2023-11-16,62.3,62.62,62.08,62.12,17325258
2023-11-17,62.46,62.54,61.94,62.3,11939603
2023-11-20,62,62.34,61.28,62.1,14158300
2023-11-21,62.06,62.36,61.66,62.24,10144252
2023-11-22,62.46,62.56,61.94,62.54,8959829
2023-11-24,62.52,62.7,62.28,62.7,4899300
2023-11-27,62.74,62.92,62.3,62.8,12416600
2023-11-28,62.8,63.44,62.56,63,14707600
2023-11-29,63.02,63.26,62.26,62.5,17903259
2023-11-30,62.68,62.84,62.24,62.76,15241800
2023-12-01,62.8,63.54,62.38,63.54,14671400
2023-12-04,63.24,63.82,62.96,63.28,15257906
2023-12-05,63.34,63.36,62.58,62.84,11268300
2023-12-06,63.12,63.7,63.02,63.68,13408900
2023-12-07,63.76,64,63.24,63.54,10938300
2023-12-08,63.44,63.7,62.94,63.42,12001458
2023-12-11,63.08,63.9,63.08,63.82,11224400
2023-12-12,63.92,63.94,63.08,63.56,10884127
2023-12-13,63.64,65.96,63.28,65.96,21726000
2023-12-14,66.36,66.7,64.98,65.1,32484100
2023-12-15,64.46,64.78,63.5,63.98,26564500
2023-12-18,63.56,63.9,63.1,63.24,16253500
2023-12-19,63.46,63.68,63.18,63.6,12688927
2023-12-20,63.52,63.7,62.3,62.3,18325928
2023-12-21,62.52,62.84,61.98,62.42,15876947
2023-12-22,62.64,63.24,62.5,62.62,13223821
2023-12-26,62.52,63.24,62.5,63,9537573
2023-12-27,62.88,63.08,62.64,62.96,9492262
2023-12-28,62.76,63.5,62.76,63.42,8673200
2023-12-29,63.28,63.46,62.92,63.34,11239092
2024-01-02,63.06,64.4,62.94,64.26,15379308
2024-01-03,64.24,64.6,63.8,64.48,16433200
2024-01-04,64.56,64.9,64.2,64.3,13311200
2024-01-05,64.2,64.84,63.92,64.54,13595200
2024-01-08,64.4,65.02,64.2,65,11717200
2024-01-09,64.66,64.76,64.34,64.48,14402873
2024-01-10,64.48,64.76,64.24,64.46,10927064
2024-01-11,64.26,64.26,62.76,62.96,22176819
2024-01-12,63.38,63.58,63.06,63.32,9768873
2024-01-16,63.02,63.18,62.48,62.64,15227000
2024-01-17,62.28,62.84,61.26,61.72,19589000
2024-01-18,61.42,61.48,60.72,61.06,19732019
2024-01-19,61.12,61.22,60.6,60.98,14128800
2024-01-22,60.96,61.42,60.4,60.68,20838328
2024-01-23,60.7,60.98,60.42,60.78,20550105
2024-01-24,61.2,61.3,59.86,59.96,25439100
2024-01-25,60.76,61.04,60.18,61.04,25258400
2024-01-26,61.2,61.44,61.02,61.22,18326801
2024-01-29,61.26,61.84,60.88,61.6,13027200
2024-01-30,61.46,61.96,61.06,61.58,18054500
2024-01-31,62.1,62.36,61.1,61.46,29821200
2024-02-01,61.2,62.62,60.92,62.62,25753774
2024-02-02,61.92,62.1,61.06,61.5,25919800
2024-02-05,60.9,60.92,60.18,60.22,19947520
2024-02-06,60.18,60.62,60,60.44,13778547
2024-02-07,60.68,60.8,60.16,60.48,11874300
2024-02-08,60.2,60.34,59.52,60.04,20877700
2024-02-09,59.88,60.34,59.76,60.28,14823936
2024-02-12,60.28,61.02,60.12,60.98,12609667
2024-02-13,60.64,60.94,59.14,59.96,22701100
2024-02-14,60.18,60.44,59.84,60.3,17435982
2024-02-15,60.48,61.34,60.48,61.3,17340434
2024-02-16,61,61.52,60.64,61.24,14957160
2024-02-20,61.12,61.9,61.06,61.2,11382134
2024-02-21,61.6,62.08,61.3,62,15785406
2024-02-22,61.52,61.78,61.06,61.52,15920800
2024-02-23,61.66,62.26,61.5,61.96,12286400
2024-02-26,61.66,61.7,60.62,60.74,12793500
2024-02-27,61.1,61.92,60.86,61.9,13743800
2024-02-28,61.82,62.18,61.68,62.08,11491833
2024-02-29,62.32,62.62,61.82,62.1,15337731
2024-03-01,61.92,61.92,60.96,61.72,21255500
2024-03-04,61.44,62.86,61.44,62.76,16510400
2024-03-05,62.96,63.98,62.32,62.58,24801531
2024-03-06,63.04,63.5,62.88,63.18,16326149
2024-03-07,63.7,63.86,63.48,63.6,10692100
2024-03-08,63.78,63.94,63.22,63.76,13755822
2024-03-11,63.66,64.2,63.42,64.06,10484108
2024-03-12,63.94,63.98,63.06,63.46,14744500
2024-03-13,63.96,64.46,63.74,63.88,12938900
2024-03-14,63.74,63.98,62.92,63.38,15934900
2024-03-15,63.18,63.8,63.12,63.46,17722545
2024-03-18,63.02,63.64,62.66,63.24,13421951
2024-03-19,63.38,63.86,63.2,63.8,9992733
2024-03-20,63.68,64.2,63.5,63.88,16310406
2024-03-21,64.04,64.48,63.74,63.78,20163900
2024-03-22,64.18,64.3,63.78,63.86,10529737
2024-03-25,64.04,64.2,63.76,64.16,11597100
2024-03-26,64.24,64.42,63.38,63.44,14915200
2024-03-27,63.9,65.2,63.84,65.2,17300245
2024-03-28,65.2,65.76,65.02,65.66,13746101
2024-04-01,65.66,65.74,64.84,65.26,11351446
2024-04-02,65.1,65.74,65.06,65.36,15106200
2024-04-03,65.34,65.52,64.86,65.1,13287100
2024-04-04,65.62,65.8,64.52,64.98,14678400
2024-04-05,64.56,65.34,64.24,65.16,16161200
2024-04-08,65.18,65.7,65.08,65.6,10071300
2024-04-09,65.74,66.08,65.54,65.96,12012581
2024-04-10,64.64,65.06,64.26,64.82,19140507
2024-04-11,65.2,65.28,64.26,64.7,12810785
2024-04-12,64.82,65,63.9,64.2,19922528
2024-04-15,64.64,64.92,63.36,63.62,14703906
2024-04-16,63.42,63.48,62.56,62.78,16453800
2024-04-17,63.18,64.24,63.06,64.08,14076400
2024-04-18,64.3,64.66,63.82,64.44,11144347
2024-04-19,64.62,65.56,64.54,65.44,18502300
2024-04-22,65.48,66.2,65.02,66.04,11729300
2024-04-23,66,66.76,65.84,66.34,11169016
2024-04-24,65.74,66.96,65.42,66.74,13063526
2024-04-25,66.58,67.18,66,66.92,15781200
2024-04-26,66.92,67.02,66.16,66.2,12273726
2024-04-29,66.66,67.22,66.6,67.1,14684147
2024-04-30,66.72,67.26,66.28,66.74,14862400
2024-05-01,66.74,68.12,66.48,67.52,21185900
2024-05-02,67.8,68.04,67.26,67.88,14304700
2024-05-03,68.4,68.62,67.8,68.42,14908512
2024-05-06,68.62,68.84,68.2,68.76,10610700
2024-05-07,69.06,69.6,68.9,69.54,14404104
2024-05-08,69.4,70.32,69.22,70.28,13854100
2024-05-09,70.22,71.4,70.06,71.34,24274600
2024-05-10,71.74,71.84,71.06,71.28,19564600
2024-05-13,71.52,71.86,71.14,71.28,10609600
2024-05-14,71.58,71.68,71.06,71.46,11783319
2024-05-15,72.2,72.74,72.08,72.54,14588300
2024-05-16,72.56,72.9,72.18,72.28,12661200
2024-05-17,72.2,72.52,71.94,72.34,10857824
2024-05-20,72.5,72.5,72.06,72.22,6915434
2024-05-21,72.18,72.9,72.16,72.88,8131700
2024-05-22,72.48,72.72,71.94,72.02,10564414
2024-05-23,71.9,71.9,70.76,70.8,14359300
2024-05-24,70.98,71.78,70.84,71.5,8183432
2024-05-28,71.56,71.86,71.28,71.44,8882667
2024-05-29,70.82,70.9,70.24,70.52,14059301
2024-05-30,70.74,71.52,70.62,71.46,9081054
2024-05-31,71.7,72.8,71.4,72.72,12388814
2024-06-03,72.6,72.66,71.64,71.9,18457900
2024-06-04,71.7,72.12,71.06,71.86,14709800
2024-06-05,71.78,71.84,71.32,71.46,8960200
2024-06-06,71.3,71.7,70.62,70.7,9092443
2024-06-07,70.1,70.66,69.92,69.94,8143408
2024-06-10,69.94,70.96,69.74,70.84,9795789
2024-06-11,70.24,70.52,69.82,70.42,11347403
2024-06-12,71.3,71.32,69.72,69.96,12456100
2024-06-13,70.06,70.38,69.38,70.12,11487021
2024-06-14,69.7,70.04,69.42,69.94,10140359
2024-06-17,69.56,69.74,69.1,69.18,10513200
2024-06-18,68.62,69.22,68.56,69.2,12286800
2024-06-20,69.42,69.94,69.2,69.8,13974042
2024-06-21,70.06,70.14,69.34,69.4,9495596
2024-06-24,68.82,69.98,68.78,69.74,8978400
2024-06-25,69.6,69.8,68.86,69.08,12549824
2024-06-26,68.82,68.94,68.38,68.8,6941000
2024-06-27,68.84,69,68.44,68.92,5449893
2024-06-28,68.92,69,67.82,68.14,11531676
2024-07-01,68.84,68.98,67.6,67.68,8378908
2024-07-02,67.84,68.14,67.72,68.02,8362100
2024-07-03,68.12,68.92,67.98,68.44,6620647
2024-07-05,68.54,68.84,68.24,68.56,6915300
2024-07-08,68.62,68.84,68.36,68.62,6817283
2024-07-09,68.62,69.4,68.56,68.82,10800704
2024-07-10,69.08,69.48,68.56,69.48,6900000
2024-07-11,69.82,70.94,69.8,70.74,14884058
2024-07-12,70.98,71.72,70.68,71.26,8262100
2024-07-15,70.46,70.68,69.42,69.54,14913845
2024-07-16,69.96,70.2,69.74,70.06,7504600
2024-07-17,70,71,69.82,70.12,13758025
2024-07-18,70.02,70.74,69.94,70.06,6771300
2024-07-19,70.18,70.34,69.7,70.14,6492727
2024-07-22,70.5,70.88,70.26,70.72,6482719
2024-07-23,70.58,70.72,70.24,70.28,6343339
2024-07-24,70.78,71.34,70.34,71.06,12642400
2024-07-25,71.4,71.78,70.18,70.48,13333000
2024-07-26,71.04,71.32,70.78,71.18,8353301
2024-07-29,71.44,71.72,70.86,71.48,7575600
2024-07-30,71.42,71.92,71.26,71.86,8348200
2024-07-31,72.88,72.96,72.1,72.8,10882700
2024-08-01,72.94,74.2,72.84,74.1,16283731
2024-08-02,75.04,75.56,73.2,74.22,24128600
2024-08-05,74.62,74.62,72.18,72.26,20549937
2024-08-06,72.54,73.7,72.48,72.88,14643231
2024-08-07,73.48,74.14,73,73.28,12379400
2024-08-08,73,73.8,72.8,73.36,11680200
2024-08-09,73.54,73.7,72.34,73.62,8354267
2024-08-12,73.64,73.78,73.2,73.74,7513563
2024-08-13,74.06,74.24,73.72,74.18,8537500
2024-08-14,74,74.56,73.56,74.12,8083000
2024-08-15,73.7,74.32,73.44,74.12,9403828
2024-08-16,74.2,74.7,73.88,74.44,6761400
2024-08-19,74.52,74.98,74.46,74.94,5752700
2024-08-20,74.94,75.18,74.7,74.78,7994998
2024-08-21,74.88,75.54,74.78,75.3,6725932
2024-08-22,75.38,75.54,74.9,75.2,7324000
2024-08-23,75.48,75.78,75.2,75.42,7525204
2024-08-26,75.68,76.22,75.66,75.92,6668200
2024-08-27,75.76,76.02,75.28,75.32,8333400
2024-08-28,75.54,75.96,75.26,75.32,5241400
2024-08-29,75.56,75.8,74.82,75.72,6379149
2024-08-30,75.86,76.4,75.58,76.3,8503877
2024-09-03,76.32,76.74,75.94,76.18,11813500
2024-09-04,76.56,77.4,76.46,76.84,13652595
2024-09-05,77.42,77.52,76.42,76.64,7772700
2024-09-06,76.82,76.98,75.9,75.92,9803072
2024-09-09,76.24,76.7,75.8,76.68,7183100
2024-09-10,76.82,77.36,76.56,77.04,11627726
2024-09-11,77.06,77.36,76.16,77.28,10383496
2024-09-12,77.46,77.58,76.98,77.46,9667869
2024-09-13,77.7,78.56,77.42,78.54,8119434
2024-09-16,78.8,79.36,78.58,79.14,9955300
2024-09-17,79.18,79.38,78.82,79.08,13981500
2024-09-18,78.94,79.16,78.14,78.48,23517400
2024-09-19,78.2,78.38,77.38,78.02,20768237
2024-09-20,79,80.26,78.9,80.08,22139638
2024-09-23,80.04,80.4,79.74,80.34,11670300
2024-09-24,79.88,80.78,79.6,79.76,14052600
2024-09-25,80.2,80.42,79.48,80.18,8179600
2024-09-26,80.04,80.38,79.42,79.64,9897300
2024-09-27,79.96,80.64,79.88,80.42,7402000
2024-09-30,80.58,80.84,79.86,80.78,9508674
2024-10-01,80.7,81.54,80.2,81.44,12181200
2024-10-02,80.92,81.62,80.78,81.48,8245800
2024-10-03,81.92,82.06,81.24,81.44,12102836
2024-10-04,80.74,81.4,80.48,81.32,12542578
2024-10-07,81.04,81.1,79.22,79.44,17642000
2024-10-08,79.8,80.04,79.48,79.48,13011100
2024-10-09,79.26,79.5,78.34,78.8,17144000
2024-10-10,78.88,79.5,78.52,78.56,13163308
2024-10-11,78.3,79.26,78.06,79.26,9666336
2024-10-14,79.38,80.32,79.22,80.26,9020900
2024-10-15,80.6,81.2,80.52,80.62,13213843
2024-10-16,81.02,82.38,80.64,82.22,9549800
2024-10-17,82.48,82.5,81.42,81.48,11763600
2024-10-18,81.42,82,81.06,81.96,7017600
2024-10-21,82.14,82.38,81.3,81.64,7405800
2024-10-22,81.08,81.52,80.7,81.34,8559632
2024-10-23,81.4,82.16,81.26,82.12,9822523
2024-10-24,82.14,82.3,81.32,81.6,6546133
2024-10-25,82,82.08,80.32,80.38,8759470
2024-10-28,80.82,81.42,80.62,81.02,7311432
2024-10-29,80.12,80.12,79.26,79.28,13866515
2024-10-30,79.6,79.74,78.96,79.1,10455300
2024-10-31,79.3,80.5,79.24,79.92,13758000
2024-11-01,79.9,80.14,78.06,78.14,15430544
2024-11-04,77.34,77.76,76.78,77.2,13978100
2024-11-05,77.16,78.36,76.94,78.36,9508100
2024-11-06,77.34,77.9,76.82,77.56,16479400
2024-11-07,77.94,78.46,77.28,77.7,18851600
2024-11-08,78.08,79.34,78.02,79.18,14428600
2024-11-11,79.2,79.86,79.02,79.4,13005500
2024-11-12,79.16,79.34,78.12,78.48,9351622
2024-11-13,79,79.04,78.02,78.34,8205900
2024-11-14,78.46,78.84,77.96,78.08,8853743
2024-11-15,78.14,79.34,77.98,79.26,11965798
2024-11-18,79.18,80.16,79.08,79.94,7331218
2024-11-19,79.64,80.46,79.26,80.46,5875205
2024-11-20,80.6,80.88,80.1,80.48,6098430
2024-11-21,80.62,82,80.22,81.9,10882034
2024-11-22,82.16,82.28,81.42,81.46,7880700
2024-11-25,82.1,82.26,81,81.6,7126923
2024-11-26,81.84,82.94,81.62,82.9,8687400
2024-11-27,83.16,83.42,82.82,82.9,8578300
2024-11-29,83.18,83.24,82.76,82.94,4617442
2024-12-02,82.92,82.96,81.12,81.16,11042126
2024-12-03,81.64,81.9,80.44,80.46,9426843
2024-12-04,80.7,80.9,80.14,80.44,12084964
2024-12-05,80.54,81.14,80.32,80.7,7113044
2024-12-06,80.74,80.92,79.54,79.7,7114327
2024-12-09,79.7,79.8,78.64,78.7,10526900
2024-12-10,78.56,78.56,77.48,78.12,10159500
2024-12-11,78.34,78.38,77.48,77.64,7379800
2024-12-12,78,78.24,77.52,77.6,7712500
2024-12-13,77.7,78.04,77.52,77.64,6904341
2024-12-16,77.7,77.92,76.98,77.02,8060500
2024-12-17,76.54,77.02,76.4,76.7,7938583
2024-12-18,76.66,76.76,74.84,74.9,14905900
2024-12-19,74.96,76.08,74.94,75.24,13539746
2024-12-20,74.8,76.6,74.7,76.44,12594342
2024-12-23,75.62,76.12,74.88,76.06,10057203
2024-12-24,76.06,76.5,75.84,76.48,4505133
2024-12-26,76.16,76.52,75.98,76.3,5057066
2024-12-27,75.9,76.3,75.6,76.08,6902700
2024-12-30,75.74,75.96,75.06,75.76,8435097
2024-12-31,75.92,76.14,75.34,75.7,6302743
2025-01-02,76.24,76.66,75.72,76.28,12052443
2025-01-03,76.7,77.48,76.38,77.08,8883928
2025-01-06,77.08,77.14,75.96,76.22,12811900
2025-01-07,76.48,76.82,75.84,76.04,11428233
2025-01-08,75.9,76.1,74.76,76.02,13422947
2025-01-10,76.26,76.84,75.22,75.58,15608500
2025-01-13,75.5,75.58,73.92,74.7,12445821
2025-01-14,74.98,75.92,74.8,75.68,9837592
2025-01-15,77,77.56,76.7,76.8,10680304
2025-01-16,76.76,78.76,76.72,78.74,15207533
2025-01-17,78.68,79.2,78.44,78.84,7334541
2025-01-21,79.74,80.44,79.52,80.06,10816700
2025-01-22,80.28,80.28,78.28,78.32,11822425
2025-01-23,78.62,79.26,78.48,78.7,10792597
2025-01-24,78.56,79.72,78.4,79.48,8385099
2025-01-27,77.9,78.08,75.82,77.66,21224100
2025-01-28,77.62,77.62,75.9,76.58,14270475
2025-01-29,76.56,77.62,76.48,76.74,9565457
2025-01-30,77.64,78.46,77.56,78.34,9356339
2025-01-31,78.42,78.48,77.7,77.88,9835376
2025-02-03,76.84,78.6,76.74,78.3,14059484
2025-02-04,77.84,77.98,76.84,77.62,10249173
2025-02-05,78.38,78.92,77.74,78.4,7996492
2025-02-06,78.74,78.74,77.74,78.3,6410448
2025-02-07,78.28,78.84,78.04,78.14,7165378
2025-02-10,78.36,79.02,77.92,78.98,5332216
2025-02-11,78.68,79.42,78.02,79.4,5418113
2025-02-12,78.38,79.44,78.02,79.26,7444465
2025-02-13,79.4,79.58,78.94,79.44,8510400
2025-02-14,79.4,80.04,79.04,79.1,6986147
2025-02-18,79.44,79.98,79.16,79.84,7754933
2025-02-19,79.76,80.5,79.68,80.26,6256979
2025-02-20,80,80.44,79.3,80.26,8695668
2025-02-21,80.26,80.54,79.88,80.28,7773743
2025-02-24,80.5,80.52,79.52,79.88,7487000
2025-02-25,79.4,79.64,78.32,79.48,10918954
2025-02-26,79.62,80.5,79.36,79.8,7710965
2025-02-27,79.58,79.76,77.96,78.04,12537642
2025-02-28,78.54,79.26,78.12,79.22,10885000
2025-03-03,79.14,79.58,78.8,79.34,9638200
2025-03-04,79.34,79.76,77.92,78.04,11280922
2025-03-05,77.52,78.04,76.86,77.48,10333400
2025-03-06,76.9,76.96,75.66,75.88,12702945
2025-03-07,76.06,77.64,75.84,77.3,11617219
2025-03-10,77.02,78.38,77.02,78.14,18683000
2025-03-11,78.1,78.4,77,77.42,16320185
2025-03-12,77.4,77.84,76.7,77.18,8716191
2025-03-13,77.44,77.68,76.88,77.36,8400896
2025-03-14,77.6,78.96,77.32,78.88,9134951
2025-03-17,78.84,79.66,78.46,79.2,9645216
2025-03-18,78.74,78.88,78.14,78.66,9642761
2025-03-19,78.7,79.06,78.42,78.94,8081767
2025-03-20,78.96,79.38,78.78,79.26,8207600
2025-03-21,78.96,79.34,78.26,78.76,7813884
2025-03-24,78.5,79.12,78.1,78.18,6998419
2025-03-25,78.1,78.12,76.56,76.92,11198000
2025-03-26,76.94,77.62,76.94,77.44,7582321
2025-03-27,77.36,78.06,77.18,77.42,6985925
2025-03-28,77.88,78.46,77.74,77.98,9539300
2025-03-31,78.1,79.16,78.08,78.84,10735000
2025-04-01,78.8,79.28,78.28,79.06,9042400
2025-04-02,78.98,79.6,78.6,79.42,6475600
2025-04-03,79.32,80.2,78.82,78.92,19325100
2025-04-04,79.3,79.3,74.04,74.54,33082711
2025-04-07,73.4,75.64,71.78,73.4,36581472
2025-04-08,74.7,75.24,72.24,73.1,19800249
2025-04-09,72.46,76.16,71.02,75.98,35027447
2025-04-10,75.4,76.28,73.84,75.4,22083900
2025-04-11,75.36,76.58,74.44,76.32,14420013
2025-04-14,76.92,77.94,76.48,77.7,9707800
2025-04-15,77.86,78.38,77.58,77.68,7628600
2025-04-16,77.88,78.16,76.72,76.98,8750400
2025-04-17,77.28,78.74,77.28,77.78,9464400
2025-04-21,77.42,77.52,75.04,75.94,10390015
2025-04-22,76.74,78.18,76.68,78,10850400
2025-04-23,78.78,79.2,77.62,78.34,13951919
2025-04-24,78.28,78.82,77.7,78.46,8414041
2025-04-25,78.52,78.56,77.86,78.2,7037677
2025-04-28,78.26,78.84,77.7,78.7,5542415
2025-04-29,78.58,79.44,78.26,79.3,6584036
2025-04-30,78.98,79.18,77.54,78.9,9038600
2025-05-01,79.4,80.12,78.88,79.14,8983537
2025-05-02,79.42,79.98,78.98,79.76,8037104
2025-05-05,79.48,79.8,78.78,79.56,7447992
2025-05-06,79.56,81.08,79.48,80.52,10317500
2025-05-07,80.38,81.22,80.1,80.76,9788349
2025-05-08,80.8,80.98,79.98,80.1,11219314
2025-05-09,80.32,80.34,79.72,80.24,8710200
2025-05-12,80.62,80.82,79.4,79.76,13730121
2025-05-13,79.64,80.28,79.2,79.66,12032000
2025-05-14,79.48,79.5,78.12,79.3,11456411
2025-05-15,79.62,81.2,79.56,80.98,13315011
2025-05-16,81.12,82.22,80.92,82.18,10038516
2025-05-19,81.48,82.56,81.48,82.54,8153227
2025-05-20,82.4,83.06,82.4,82.78,9037689
2025-05-21,82.5,82.66,81.1,81.26,11352423
2025-05-22,80.56,80.56,79.16,80.1,15318835
2025-05-23,80.64,81.14,79.7,81.06,10865401
2025-05-27,81.7,81.88,81.04,81.68,9247351
2025-05-28,81.62,81.66,80.18,80.54,10477300
2025-05-29,80.56,81.22,80.2,81.1,10434209
2025-05-30,80.94,82.06,80.78,81.92,10340249
2025-06-02,81.56,82.3,81.24,82.18,13399772
2025-06-03,83.18,83.18,81.74,82.4,14273989
2025-06-04,82.26,82.26,80.96,80.96,16501174
2025-06-05,81.2,81.2,80.66,80.84,10587534
2025-06-06,81.24,81.32,80.5,81.2,10633697
2025-06-09,81.06,81.36,80.54,80.68,12433632
2025-06-10,80.88,81.06,80.26,80.86,14026418
2025-06-11,81.1,81.22,80.64,80.92,10697516
2025-06-12,80.96,81.94,80.92,81.9,9784745
2025-06-13,81.78,81.92,81.18,81.42,12663058
2025-06-16,81.82,82.26,80.62,81.02,13633300
2025-06-17,80.9,81.1,79.78,80.34,14168085
2025-06-18,80.54,80.96,80.14,80.56,11162000
2025-06-20,80.74,81.44,80.68,80.78,15844312
2025-06-23,80.64,81.38,80.48,81.24,12786518
2025-06-24,81.34,81.82,81.18,81.6,10195111
2025-06-25,81.4,81.4,80.34,80.5,13385920
2025-06-26,80.66,81.2,80.5,81.18,9373380
2025-06-27,81.38,82,81.08,81.34,12653900
2025-06-30,80.94,81.74,80.68,81.66,11009046
2025-07-01,81.64,82,80.68,81.94,19845457
2025-07-02,81.64,82,80.84,81.24,10945500
2025-07-03,81.28,82.18,81.14,81.84,7450100
2025-07-07,81.66,82.06,81.48,82.02,10107823
2025-07-08,81.44,81.44,80.34,81.14,22145063
2025-07-09,81.46,82.06,80.88,81.9,20115517
2025-07-10,81.62,82.72,81.38,82.58,14538721
2025-07-11,81.92,82.76,81.68,82.46,11099908
2025-07-14,82.4,83.06,81.94,82.78,11941740
2025-07-15,82.78,82.78,81.58,82,13126500
2025-07-16,82.04,82.36,81.38,82.04,11312679
2025-07-17,81.98,82.62,81.84,82.38,9878691
2025-07-18,82.64,84.04,82.54,83.76,14313700
2025-07-21,83.96,84.54,83.68,84.02,9948036
2025-07-22,84.34,85.1,84.12,85.06,11759144
2025-07-23,85.82,86.02,84.06,84.42,20166514
2025-07-24,84.52,84.7,84.08,84.3,11069070
2025-07-25,84.44,84.6,84.12,84.52,8160240
2025-07-28,84.52,84.54,83.4,83.62,11206800
2025-07-29,83.94,84.64,83.76,84.58,9198065
2025-07-30,84.84,85.98,84.76,85.22,13712503
2025-07-31,84.96,85.8,84.88,85.68,15089800
2025-08-01,85.58,86.26,84.92,85.8,17926030
2025-08-04,86.22,87.56,86.04,87.32,12865400
2025-08-05,87.36,87.66,86.14,86.4,10727244
2025-08-06,86.52,86.54,85.54,85.62,11510306
2025-08-07,85.34,86.8,85.18,86.56,12851400
2025-08-08,86.8,86.94,85.98,86.18,9222600
2025-08-11,86.4,86.46,85.5,85.92,9774454
2025-08-12,86.2,86.3,85.52,86.28,10378513
2025-08-13,86.4,86.54,85.68,86.48,11212992
2025-08-14,86.16,86.42,85.78,85.88,9373913
2025-08-15,85.74,86.1,85.1,85.62,14788567
2025-08-18,85.76,86.08,85.14,85.26,8040164
2025-08-19,85.28,86.12,85.14,86.08,8218400
2025-08-20,86.22,86.72,85.86,86.18,10084653
2025-08-21,86.18,86.62,85.34,85.58,8115106
2025-08-22,86.18,86.54,85.78,86.04,9617400
2025-08-25,85.76,86,84.98,85.08,8491226
2025-08-26,85.16,85.44,84.76,85.26,8631500
2025-08-27,85.26,85.48,85.02,85.28,8410727
2025-08-28,85.34,85.38,84.5,84.64,8039405
2025-08-29,84.58,84.76,84.18,84.32,9734700
2025-09-02,84,84.14,83.52,84.04,10327912
2025-09-03,83.76,84,83.38,83.84,8634000
2025-09-04,84.42,84.64,83.28,83.74,11181100
2025-09-05,83.96,84.14,82.82,83.48,13503400
2025-09-08,83.52,83.56,82.3,82.62,14235114
2025-09-09,82.6,83.46,82.44,83.2,12870715
2025-09-10,83.5,84.76,83.48,84.62,16084400
2025-09-11,84.52,85.14,84.4,85.08,12132607
2025-09-12,84.84,85.76,84.68,85.5,9363548
2025-09-15,85.52,86.1,85.5,85.7,11409578
2025-09-16,85.56,85.58,84.1,84.14,10826400
2025-09-17,84.7,85.06,84.18,84.36,10084128
2025-09-18,84.2,84.96,83.82,84.42,12651622
2025-09-19,84.62,85.3,84.18,84.96,10487414
2025-09-22,84.42,85.38,84.22,85.2,9738500
2025-09-23,85.08,85.78,84.92,85.64,8950327
2025-09-24,85.8,86.4,85.56,86.26,8658806
2025-09-25,86.18,86.36,85.42,85.42,9344990
2025-09-26,85.72,86.84,85.64,86.82,8117219
2025-09-29,86.78,87.2,86.16,87.06,8565400
2025-09-30,87.16,87.54,86.58,87.22,10980000
2025-10-01,87.38,88.24,87.28,88.06,14597725
2025-10-02,87.82,87.92,87.24,87.9,11324601
2025-10-03,88.16,89.74,88.1,88.92,12566928
2025-10-06,89.44,89.88,88.82,89.78,10012112
2025-10-07,90.14,90.58,89.9,90.18,16450918
2025-10-08,90.82,90.94,90.12,90.8,9895564
2025-10-09,91.1,91.38,90.4,90.58,10778731
2025-10-10,90.88,91.38,90.1,90.2,11591910
2025-10-13,90.26,91.32,90.22,90.9,9380300
2025-10-14,90.74,92,90.58,91.7,8786063
2025-10-15,92.12,93.18,92.12,92.9,9543800
2025-10-16,93.18,93.78,91.88,91.9,14559500
2025-10-17,92.06,92.2,91.18,91.58,10912937
2025-10-20,92.28,92.5,91.2,91.54,12710409
2025-10-21,91.64,91.74,90.18,90.62,11053940
2025-10-22,90.82,90.86,89.98,90.4,9554582
2025-10-23,91,91.04,89.84,90.34,8067028
2025-10-24,90.86,91.84,90.76,91.4,10868800
2025-10-27,91.4,91.72,90.52,91.64,8021400
2025-10-28,91.98,91.98,90.02,90.14,10330739
2025-10-29,90.12,90.72,89.74,90.1,12135900
2025-10-30,90,90.86,89.68,89.72,9435439
2025-10-31,89.32,89.58,88.64,89.1,9217393
2025-11-03,89.04,89.4,88.12,89.16,11169846
2025-11-04,89.12,89.18,88.44,88.84,8578366
2025-11-05,88.82,89.28,88.44,88.86,8429543
2025-11-06,88.7,89.36,88.42,88.46,11834366
2025-11-07,88.1,89.72,88.1,89.7,12168808
2025-11-10,89.96,90.36,88.9,89.66,8973600
2025-11-11,89.7,90.06,89.2,89.72,7217700
2025-11-12,89.78,90,89.42,89.92,7509249
2025-11-13,89.7,89.7,88.62,88.68,10337700
2025-11-14,88.42,89.44,88.22,88.76,10084398
2025-11-17,88.94,89.86,88.84,89.56,12100709
2025-11-18,89.64,90.08,89.2,89.22,12579400
2025-11-19,89.3,89.54,88.28,88.48,12547800
2025-11-20,89.18,89.72,87.96,88.02,12771600
2025-11-21,88.4,88.5,87.52,88.16,14294700
2025-11-24,88.28,89.38,87.72,89.16,11786400
2025-11-25,89.38,89.52,88.44,88.82,11097800
2025-11-26,89.28,90.1,89.12,90,8379600
2025-11-28,90.14,90.7,90.04,90.64,3941300
2025-12-01,90.12,90.12,88.46,88.52,13169500
2025-12-02,88.92,88.92,87.76,87.88,8692100
2025-12-03,87.96,88.2,87.26,87.6,10864000
2025-12-04,87.56,88.12,87.12,87.42,7767600
2025-12-05,43.72,43.78,43.28,43.3,13474700
2025-12-08,43.38,43.41,42.66,42.72,21607900
2025-12-09,42.95,43.17,42.73,42.75,24347235
2025-12-10,42.8,42.83,42.42,42.73,25940248
2025-12-11,42.65,43.15,42.65,43.04,18703300
2025-12-12,43.17,43.38,42.77,42.83,17179816
2025-12-15,43.11,43.29,42.83,43.22,19176444
2025-12-16,43.2,43.31,42.78,43.04,19067900
2025-12-17,43.06,43.14,42.54,42.76,19444600
2025-12-18,43.03,43.42,42.97,43.18,21935800
2025-12-19,43.12,43.37,42.6,42.63,22612000
2025-12-22,42.29,42.53,42.03,42.47,17894921
2025-12-23,42.4,42.75,42.38,42.62,15097710
2025-12-24,42.61,42.86,42.55,42.81,5761034
2025-12-26,42.79,42.87,42.63,42.78,8436715
2025-12-29,42.81,43.11,42.77,42.86,12838729
2025-12-30,42.88,43.04,42.81,42.96,9255300
2025-12-31,42.97,43.01,42.68,42.69,10129006
2026-01-02,42.89,43.39,42.66,43.18,20495400
2026-01-05,43.19,43.29,42.06,42.7,27884414
2026-01-06,42.75,42.96,42.52,42.91,21861800
2026-01-07,42.95,42.97,41.74,41.87,27613333
2026-01-08,41.82,42.29,41.81,41.99,22853334
2026-01-09,42.52,42.89,42.49,42.51,21518300
2026-01-12,42.38,42.71,42.3,42.58,16810602
2026-01-13,42.62,42.96,42.42,42.85,22207400
2026-01-14,42.81,43.32,42.77,43.17,21403100
2026-01-15,43.32,43.82,43.32,43.61,21762739
2026-01-16,43.17,43.52,42.94,43.39,27803622
2026-01-20,43.12,43.36,42.83,42.96,25300900
2026-01-21,43.31,43.31,42.69,43.02,33736500
2026-01-22,43.2,43.27,42.6,42.71,26170700
2026-01-23,42.71,42.75,42.3,42.56,26527230
2026-01-26,42.7,43.18,42.66,42.87,19254039
2026-01-27,42.82,43.55,42.6,43.43,31070500
2026-01-28,43.5,43.67,43.13,43.33,25183600
2026-01-29,43.51,43.77,43.08,43.33,27417900
2026-01-30,43.23,43.38,42.77,43.25,27998400
2026-02-02,43.3,43.48,42.55,42.62,32847600
2026-02-03,42.66,43.42,42.66,43.24,35525500
2026-02-04,43.47,43.65,42.99,43.08,30994300
2026-02-05,43.22,43.37,42.87,43.1,31475405
2026-02-06,43.49,43.86,42.98,43.35,30530100
2026-02-09,43.37,43.55,43.06,43.48,21173948
2026-02-10,43.75,44.53,43.56,44.2,34683600
2026-02-11,44.36,44.63,44.14,44.59,25614800
2026-02-12,44.79,45.74,44.74,45.25,45623348
2026-02-13,45.2,46.6,45.2,46.5,42451800
2026-02-17,46.8,47.08,46.24,46.38,32424000
2026-02-18,46.61,46.61,45.51,45.61,32841512
2026-02-19,45.78,46.18,45.68,46.11,24172500
2026-02-20,46.3,46.49,45.88,46.33,22623200
2026-02-23,46.47,46.96,46.37,46.68,33130900
2026-02-24,46.64,47.23,46.29,47.2,29503300
2026-02-25,47.21,47.43,46.6,47.36,22356600
2026-02-26,47.27,47.39,46.91,47.18,30578632
2026-02-27,47.2,47.8,47.13,47.73,39759616
2026-03-02,47.41,47.74,47.36,47.37,33087305
2026-03-03,46.7,47.45,45.96,47.07,60946642
2026-03-04,47.09,47.42,46.76,47.27,24020800
2026-03-05,46.95,47.02,46.47,46.9,29797275
2026-03-06,46.63,46.96,46.34,46.74,25001700
2026-03-09,46.56,46.95,46.04,46.85,27759002
2026-03-10,46.64,47.04,46.47,46.56,24936286
2026-03-11,46.5,46.56,46,46.17,20026100
2026-03-12,46,47.04,45.96,46.5,27419900
2026-03-13,46.97,47.32,46.86,46.96,31521024
2026-03-16,47.45,47.5,46.95,47.26,19775448
2026-03-17,47.52,47.64,47.08,47.13,18502300
2026-03-18,46.95,47.15,46.73,46.73,31063500
2026-03-19,46.65,46.9,46.04,46.54,29544000
2026-03-20,46.46,46.66,44.43,44.65,47128300
2026-03-23,44.93,45.19,44.57,44.78,31574300
2026-03-24,44.56,45.54,44.49,45.09,24184025
2026-03-25,45.52,45.65,45.21,45.25,22297400
2026-03-26,45.24,45.48,45.02,45.33,19988000
2026-03-27,45.37,46.08,45.3,45.59,26172900
2026-03-30,46.17,46.34,45.76,45.92,28363610
2026-03-31,45.85,45.95,45.26,45.89,42852800
2026-04-01,45.78,46.28,45.7,46.11,31185116
2026-04-02,46.04,46.59,45.91,46.34,17331814
2026-04-06,46.15,46.5,46.09,46.17,12939531
2026-04-07,46.06,46.43,46.04,46.27,13657009
2026-04-08,46.29,46.78,45.98,46.78,18879725
2026-04-09,46.66,47.71,46.62,47.15,23274642
2026-04-10,47.06,47.46,46.87,46.96,15052100
2026-04-13,46.84,46.88,46.12,46.39,17795700
2026-04-14,46.4,46.56,45.9,46.47,25118645
2026-04-15,46.31,46.32,45.88,46.02,24843900
2026-04-16,46,46.37,45.84,46.35,26945431
2026-04-17,46.23,46.28,45.64,46.16,17601516
2026-04-20,46.12,46.34,45.65,45.75,14376100
2026-04-21,45.91,45.95,44.91,44.95,19596909
2026-04-22,45.34,45.62,44.71,44.87,21731747
2026-04-23,45.37,46.14,45.2,46.09,23864320
2026-04-24,46.03,46.3,45.74,46.18,24158736
2026-04-27,46.37,46.5,46.17,46.19,14543100
2026-04-28,46.44,46.52,46.04,46.25,13016048
2026-04-29,46.07,46.27,45.56,45.68,12655051
